{"base_files_url": "https://raw.githubusercontent.com/ZReport/gameboy-palettes/6ea99832edc2955f16b9f77e246dec68e2a400aa/", "db_files": ["db.json.zip"], "db_id": "ZReport/gameboy-palettes", "db_url": "https://raw.githubusercontent.com/ZReport/gameboy-palettes/db/db.json.zip", "default_options": {}, "files": {"|games/GAMEBOY/Palettes/Extra/Emulator/BGB/BGB v0.3.gbp": {"hash": "36c6b7560bc106fb17c844567a98f80e", "size": 16, "tags": [8, 23, 24]}, "|games/GAMEBOY/Palettes/Extra/Emulator/BGB/Blue.gbp": {"hash": "2662b79bfd678e7f0a5ed56cfb1a450a", "size": 16, "tags": [8, 23, 24]}, "|games/GAMEBOY/Palettes/Extra/Emulator/BGB/Game Boy Kiosk.gbp": {"hash": "fe66849ee55d95b2cb4620ed41273f8e", "size": 16, "tags": [8, 23, 24]}, "|games/GAMEBOY/Palettes/Extra/Emulator/BGB/Game Boy Light.gbp": {"hash": "225b7a2d083135af8ad2bf67cadd37e1", "size": 16, "tags": [8, 23, 24]}, "|games/GAMEBOY/Palettes/Extra/Emulator/BGB/Grey.gbp": {"hash": "da40b1a7d33166d5e79088b8ffef8d13", "size": 16, "tags": [8, 23, 24]}, "|games/GAMEBOY/Palettes/Extra/Emulator/BGB/Greys (High Contrast).gbp": {"hash": "07c5c1833f07b32bea98ee1b7d2a699a", "size": 16, "tags": [8, 23, 24]}, "|games/GAMEBOY/Palettes/Extra/Emulator/BGB/KiGB Green.gbp": {"hash": "ed0b223bb4cca3806d5b96e1ed212c0b", "size": 16, "tags": [8, 23, 24]}, "|games/GAMEBOY/Palettes/Extra/Emulator/BGB/LCD Green.gbp": {"hash": "ad9b4177a6646ea77affeb7aa54c6935", "size": 16, "tags": [8, 23, 24]}, "|games/GAMEBOY/Palettes/Extra/Emulator/BGB/Red.gbp": {"hash": "71d5e0da9064ce018477bda369df103a", "size": 16, "tags": [8, 23, 24]}, "|games/GAMEBOY/Palettes/Extra/Emulator/BGB/Super Game Boy.gbp": {"hash": "11b72ee1904b9feafe7e3ca11a7debee", "size": 16, "tags": [8, 23, 24]}, "|games/GAMEBOY/Palettes/Extra/Emulator/BGB/Yellow.gbp": {"hash": "2c075f28b0b30391ef95cf2042731eb2", "size": 16, "tags": [8, 23, 24]}, "|games/GAMEBOY/Palettes/Extra/Emulator/BGB/no$gmb Brown.gbp": {"hash": "2297732fe38bebfd7e78f3e830871a46", "size": 16, "tags": [8, 23, 24]}, "|games/GAMEBOY/Palettes/Extra/Emulator/Libretro-Gambatte/GBC_Brown.gbp": {"hash": "9c214efef495fe6dfa3952075890fc9b", "size": 16, "tags": [8, 23, 24]}, "|games/GAMEBOY/Palettes/Extra/Emulator/Libretro-Gambatte/GBC_Grayscale.gbp": {"hash": "e7c066d234825b2ad743798e0cb97285", "size": 16, "tags": [8, 23, 24]}, "|games/GAMEBOY/Palettes/Extra/Emulator/Libretro-Gambatte/GBC_Green.gbp": {"hash": "dcbda7b1ded06091566bf63d43950270", "size": 16, "tags": [8, 23, 24]}, "|games/GAMEBOY/Palettes/Extra/Emulator/Libretro-Gambatte/GBC_Inverted.gbp": {"hash": "b7d708577e6c0833defd4eb41bf5d8f9", "size": 16, "tags": [8, 23, 24]}, "|games/GAMEBOY/Palettes/Extra/Emulator/Libretro-Gambatte/GBC_Orange.gbp": {"hash": "434309e0614c94a0ead0f47bbf9136a9", "size": 16, "tags": [8, 23, 24]}, "|games/GAMEBOY/Palettes/Extra/Emulator/Libretro-Gambatte/GBC_Pastel Mix.gbp": {"hash": "4c9bd517790de593fe483ba24a5cf0b8", "size": 16, "tags": [8, 23, 24]}, "|games/GAMEBOY/Palettes/Extra/Emulator/Libretro-Gambatte/GBC_Special1.gbp": {"hash": "cf92a33b5393764472360bd5714689d1", "size": 16, "tags": [8, 23, 24]}, "|games/GAMEBOY/Palettes/Extra/Emulator/Libretro-Gambatte/GB_DMG.gbp": {"hash": "9f8d5002084d5774ef2fca80f783673c", "size": 16, "tags": [8, 23, 24]}, "|games/GAMEBOY/Palettes/Extra/Emulator/Libretro-Gambatte/GB_Light.gbp": {"hash": "2587b85849d5685f99ac8e2a1d4981ff", "size": 16, "tags": [8, 23, 24]}, "|games/GAMEBOY/Palettes/Extra/Emulator/Libretro-Gambatte/GB_Pocket.gbp": {"hash": "83e6f00fa1d700423e3c800b46195cc3", "size": 16, "tags": [8, 23, 24]}}, "folders": {"|games": {"tags": [23]}, "|games/GAMEBOY": {"tags": [8, 23]}, "|games/GAMEBOY/Palettes": {"tags": [8, 23, 24]}, "|games/GAMEBOY/Palettes/Extra": {"tags": [8, 23, 24]}, "|games/GAMEBOY/Palettes/Extra/Emulator": {"tags": [8, 23, 24]}, "|games/GAMEBOY/Palettes/Extra/Emulator/BGB": {"tags": [8, 23, 24]}, "|games/GAMEBOY/Palettes/Extra/Emulator/Libretro-Gambatte": {"tags": [8, 23, 24]}}, "latest_zip_url": "", "tag_dictionary": {"gameboy": 8, "games": 23, "gb": 8, "palettes": 24}, "timestamp": 1668610351, "zips": {}}